{
  "id": "ChampClient",
  "inheritsFrom": "1.8.9-OptiFine_HD_U_M5",
  "time": "2021-02-13T11:13:12+01:00",
  "releaseTime": "2021-02-13T11:13:12+01:00",
  "type": "release",
  "libraries": [
    {
      "name": "champclient:ChampClient:0.1-BETA"
    },
    {
      "name": "optifine:launchwrapper-of:2.2"
    }
  ],
  "mainClass": "net.minecraft.launchwrapper.Launch",
  "minecraftArguments": "--username ${auth_player_name} --version ${version_name} --gameDir ${game_directory} --assetsDir ${assets_root} --assetIndex ${assets_index_name} --uuid ${auth_uuid} --accessToken ${auth_access_token} --userProperties ${user_properties} --userType ${user_type} --tweakClass com.htes.dev.champ.mixins.ChampTweaker"
}
